{
  "project_info": {
    "project_number": "123511348386",
    "project_id": "hostel-c86dd",
    "storage_bucket": "hostel-c86dd.appspot.com"
  },
  "client": [
    {
      "client_info": {
        "mobilesdk_app_id": "1:123511348386:android:640b45de898c000b7c8bfb",
        "android_client_info": {
          "package_name": "a.svecw.original"
        }
      },
      "oauth_client": [
        {
          "client_id": "123511348386-42p22o5dfgpnlnvdu8go4pqtaiq3c166.apps.googleusercontent.com",
          "client_type": 3
        }
      ],
      "api_key": [
        {
          "current_key": "AIzaSyCsGW-IuEk8voVfTOmtq7wm-ubnlxFVgS4"
        }
      ],
      "services": {
        "appinvite_service": {
          "other_platform_oauth_client": [
            {
              "client_id": "123511348386-42p22o5dfgpnlnvdu8go4pqtaiq3c166.apps.googleusercontent.com",
              "client_type": 3
            }
          ]
        }
      }
    }
  ],
  "configuration_version": "1"
}